{"cameraMode":{"drawMode":0,"name":"Shaded","section":"Shading Mode"},"sceneLighting":true,"audioPlay":false,"sceneViewState":{"m_AlwaysRefresh":false,"showFog":true,"showSkybox":true,"showFlares":true,"showImageEffects":true,"showParticleSystems":true,"showVisualEffectGraphs":true,"m_FxEnabled":true},"in2DMode":false,"pivot":{"x":-8.857364654541016,"y":6.252442836761475,"z":3.5127668380737306},"rotation":{"x":-0.17188000679016114,"y":0.017796171829104425,"z":-0.0029982721898704769,"w":-0.984662652015686},"size":13.634105682373047,"orthographic":false}