{"cameraMode":{"drawMode":0,"name":"Shaded","section":"Shading Mode"},"sceneLighting":true,"audioPlay":false,"sceneViewState":{"m_AlwaysRefresh":false,"showFog":true,"showSkybox":true,"showFlares":true,"showImageEffects":true,"showParticleSystems":true,"showVisualEffectGraphs":true,"m_FxEnabled":true},"in2DMode":false,"pivot":{"x":-24.021400451660158,"y":0.7348846793174744,"z":6.731614589691162},"rotation":{"x":0.2363296002149582,"y":0.03821723163127899,"z":-0.009101292118430138,"w":0.9706807136535645},"size":8.800995826721192,"orthographic":false}