{"cameraMode":{"drawMode":0,"name":"Shaded","section":"Shading Mode"},"sceneLighting":true,"audioPlay":false,"sceneViewState":{"m_AlwaysRefresh":false,"showFog":true,"showSkybox":true,"showFlares":true,"showImageEffects":true,"showParticleSystems":true,"showVisualEffectGraphs":true,"m_FxEnabled":true},"in2DMode":false,"pivot":{"x":-32.64081573486328,"y":2.1028215885162355,"z":0.8551410436630249},"rotation":{"x":0.07072238624095917,"y":0.026289917528629304,"z":-0.001717057079076767,"w":0.9969654083251953},"size":3.2367258071899416,"orthographic":false}