{"cameraMode":{"drawMode":0,"name":"Shaded","section":"Shading Mode"},"sceneLighting":false,"audioPlay":false,"sceneViewState":{"m_AlwaysRefresh":false,"showFog":true,"showSkybox":false,"showFlares":true,"showImageEffects":true,"showParticleSystems":true,"showVisualEffectGraphs":true,"m_FxEnabled":true},"in2DMode":false,"pivot":{"x":-41.34600067138672,"y":1.7422876358032227,"z":0.005000054836273193},"rotation":{"x":-0.04359370470046997,"y":-0.09516341239213944,"z":0.004191801883280277,"w":-0.9944655895233154},"size":1.4219512939453126,"orthographic":true}